2008-11-18-05:34:16.01.fil_sigproc_005.phcx.gz.dat,NEGATIVE,15,MIN,61.11281295,2.321297067,8,5614,41.77406475,0.574144817,81.03992495,2.622000397,1081.579136,0.683103861,1322.457106,72.5377899,5.251925,621.858159,0.007812,0.466017953,0.919108432,3.82331559,13074.55727,45.71196051,0.01329474,4.040259564
2008-11-18-05:34:16.04.fil_sigproc_028.phcx.gz.dat,NEGATIVE,20,MIN,300.4599611,0.387231953,11,-1946,18.47639999,0.939743704,150.5044428,171.8597301,1721.26491,3.304382145,2221.410258,70.97316094,6.018943,170.507695,0.070312,1.65526047,0.281087873,1.14773721,373.1747134,0,0.107288004,4.116268034
2008-11-18-05:55:20.01.fil_sigproc_002.phcx.gz.dat,NEGATIVE,3,MIN,0.015440678,3938.864931,0,699,18.56165725,0.963491962,106.4769822,40.12890101,576.4183669,37.00593249,193.2577496,3738.150609,69.773834,85.413387,0.328125,48.76048394,0.189871335,15.85497037,24.64058754,0.333772387,0.960818787,10.47767216
2008-11-18-07:59:57.12.fil_sigproc_001.phcx.gz.dat,POSITIVE,3,MIN,0.016371836,9348.400397,0,13290,107.6462846,0.07069819,16.19460577,3.400105893,140.004471,2.100648501,44.89809725,548.2271331,47.610603,296.225305,0.046875,10.55843114,0.334084377,0.22250081,253.694894,3.242209323,0.822278549,10.56025281
2008-11-18-14:50:35.04.fil_sigproc_001.phcx.gz.dat,POSITIVE,15,MIN,0.016273849,0.010749836,0,14787,117.7430984,2.90E-10,8.909474012,1.604095702,10.32741596,1.604095702,10.32400106,751.6253899,147.218506,149.891891,0.015625,18.54778835,0.380827394,5.709898269,522.1739853,9.563820715,0.84154264,12.42157599
2008-11-19-20:12:44.01.fil_sigproc_003.phcx.gz.dat,POSITIVE,2,MAX,0.041541424,58018.35194,0,8945,90.16978067,0.202882103,34.99328971,13.77227722,249.5855637,9.72998784,206.5928779,198.1676285,39.511982,516.893581,0.101562,13.28465809,0.152428358,2.867952567,343.670064,0.360485689,0.754227833,8.635743543
2008-11-20-02:10:56.12.fil_sigproc_016.phcx.gz.dat,POSITIVE,7,MIN,2.552013801,261.8106803,3,14532,125.375,0.012239122,0.008696373,1.805881552,1550.343187,1498.898771,2178.574574,1365.206441,1281.659546,476.723981,0.015625,161.473925,0.088966127,7.053278001,239.8423098,19.9665345,0.874996696,12.70978498
2008-11-20-05:26:01.01.fil_sigproc_076.phcx.gz.dat,NEGATIVE,15,MAX,569.2562322,0.329763869,12,44,2.966662582,0.997867242,130.7734986,24.88532398,2188.566885,54.46214036,2431.393168,0.279170298,7.710793,25.676775,0.5,7.710793,0.226274705,0.033509118,1359.098371,0.459593733,0.346279622,4.4301216
2008-11-20-23:35:24.02.fil_sigproc_001.phcx.gz.dat,NEGATIVE,2,MIN,0.02034553,0,0,-11249,99.96402795,0.177433894,227.335535,30.87771939,330.7090236,37.87719729,1157.968764,1220.163464,18.658113,-2.84599,0.328125,13.03896557,1.818890914,0.510711483,1137.562985,0.466750586,0.685898762,9.00739757
2009-01-10-03:52:39.07.fil_sigproc_065.phcx.gz.dat,POSITIVE,22,MIN,108.2663349,1.229590102,9,1443,7.778055737,0.972881483,119.0414418,4875.236522,1251.642684,2.693510398,1347.166427,152.0551376,6.176156,96.309083,0.03125,1.109270364,0.513465599,1.50139886,1165.479504,0.382732772,0.009977639,3.656215204
2009-01-10-21:32:22.05.fil_sigproc_001.phcx.gz.dat,POSITIVE,11,MAX,2.325315667,475.9294788,2,6585,85.40651525,0.155144735,37.94952945,8157.678326,3158.667544,8157.678326,3168.702886,47.76376717,36.65155,145.999582,0.101562,12.32292802,0.176523824,0.460809786,120.9321166,0.153971303,0.907452407,10.03478839
2009-01-10-21:32:22.05.fil_sigproc_001.phcx.gz.dat,POSITIVE,10,MAX,2.325315667,475.9294788,2,6585,85.40651525,0.155144735,37.94952945,8157.678326,3158.667544,8157.678326,3168.702886,47.76376717,36.65155,145.999582,0.101562,12.32292802,0.176523824,0.460809786,120.9321166,0.153971303,0.907452407,10.03478839
2009-01-30-11:41:36.08.fil_sigproc_001.phcx.gz.dat,POSITIVE,8,MIN,0.831398899,304.7648764,2,5957,46.04925433,0.345798349,78.48833234,0.002482324,1131.009819,0.023338347,502.114215,89.36370924,14.00918,68.059548,0.03125,2.516123005,0.32664951,0.973026216,739.4512951,8.735091466,0.176033995,4.940275645
2009-03-08-01:04:47.11.fil_sigproc_001.phcx.gz.dat,POSITIVE,20,MIN,0.110058844,892.698664,1,13281,107.4573522,0.072913632,17.93281743,3.116840728,51.77358623,3.116840728,46.9143516,635.0597401,57.63139,178.314721,0.03125,10.35090321,0.613099305,1.337643476,675.8325899,0,0.614115481,10.95485262
2009-03-08-23:32:53.09.fil_sigproc_094.phcx.gz.dat,POSITIVE,3,MAX,426.0846256,0.437400524,12,1299,8.74091297,0.986260945,114.0745395,4.210452924,1756.343439,4.787135153,1814.946644,21.59394541,6.49282,243.515987,0.046875,1.439889196,0.085102482,0.359938996,480.0100147,5.487317026,0.088454557,4.450786976
2009-03-08-23:32:53.09.fil_sigproc_094.phcx.gz.dat,POSITIVE,1,MAX,426.0846256,0.437400524,12,1299,8.74091297,0.986260945,114.0745395,4.210452924,1756.343439,4.787135153,1814.946644,21.59394541,6.49282,243.515987,0.046875,1.439889196,0.085102482,0.359938996,480.0100147,5.487317026,0.088454557,4.450786976
2009-04-18-14:53:28.09.fil_sigproc_001.phcx.gz.dat,POSITIVE,14,MAX,0.032260431,957.5907423,0,9586,83.44600918,0.173155974,40.29208129,7.86826041,231.1280814,6.341102127,213.3801759,861.0633731,33.946186,1078.94318,0.070312,9.335489602,0.526644179,18.65379005,319.3148454,0.36185,0.795846926,8.89066498
2009-04-19-13:30:16.10.fil_sigproc_002.phcx.gz.dat,NEGATIVE,19,MIN,4.580784005,144.2627018,2,496,18041.71349,0.000675186,17917.75202,58.76590848,372.8787104,35.46796076,259.8685214,3203.209026,111.29599,74.096521,0.492188,109.5704759,0.021253549,0.240428855,0.144143134,0.287401973,0.995729747,12.47403641
2009-04-19-13:40:33.01.fil_sigproc_002.phcx.gz.dat,POSITIVE,10,MIN,28.0463876,16.60954553,6,8448,71.4189008,0.318926436,52.72732387,3.463230714,774.85796,0.001643675,1661.859375,455.0725188,13.662307,468.427449,0.03125,2.453822775,0.139659522,6.762041134,541.8118997,7.785670598,0.167548886,4.972595721
2009-04-19-14:11:13.12.fil_sigproc_001.phcx.gz.dat,POSITIVE,18,MAX,11.29434647,28.66181152,4,4005,37.21151826,0.745202379,87.91671573,30.15389647,910.2492702,13.55174382,937.7360204,227.5505215,14.190647,625.569382,0.21875,7.508984581,0.59791345,138.9998709,108.1137417,1.761261144,0.369143491,4.843557122
2009-04-20-15:46:22.03.fil_sigproc_001.phcx.gz.dat,POSITIVE,17,MIN,0.017550567,740.1678996,0,12784,102.8156999,1.74E-08,24.3856324,2.05351736,78.37663702,2.05351736,76.94911134,460.9813275,44.366585,178.07477,0.015625,5.589664306,0.0001742,3.177959301,323.6590757,10.40627815,0.581468232,9.777112677
2009-04-21-12:09:10.01.fil_sigproc_082.phcx.gz.dat,NEGATIVE,17,MIN,173.4068985,0.925657719,9,1614,12.11153432,0.987797761,115.3518046,3945.390129,2427.357566,26.08702507,2938.673601,35.23056972,5.958589,757.898242,0.046875,1.32141472,8.10E-08,0.019882125,769.7030921,7.061633428,0.09600376,4.575656493
2009-04-22-06:53:23.04.fil_sigproc_001.phcx.gz.dat,POSITIVE,2,MIN,0.016605907,7.06E-08,0,11869,94.36094683,1.36E-10,31.92824131,1.634703109,81.24262881,1.634703109,81.33332401,751.622597,37.679382,149.873274,0.015625,4.74715592,0.452273394,6.001024567,650.2222036,1.193242693,0.440086687,8.68878502
2009-04-22-14:58:02.11.fil_sigproc_001.phcx.gz.dat,POSITIVE,9,MIN,0.016961992,553.3867379,0,15262,125.375,0.014086856,1.023241034,2.132466145,1.245441785,2.132466145,0.85149182,562.5647038,493.569611,52.622482,0.015625,62.18392597,0.116911529,4.121333533,405.4074224,4.297285965,0.924107019,13.27549499
2009-05-06-05:52:25.05.fil_sigproc_001.phcx.gz.dat,POSITIVE,13,MAX,0.021782124,1777.380268,0,15251,125.375,0.002717999,0.686198779,3.971962881,24.24831503,2.450550914,0.533022717,89.36466713,19263.97266,67.502542,0.03125,3459.911627,0.154870997,0.171781997,122.3879441,8.44245225,0.97678759,13.71764635
2009-05-06-05:52:25.05.fil_sigproc_001.phcx.gz.dat,POSITIVE,16,MAX,0.021782124,1777.380268,0,15251,125.375,0.002717999,0.686198779,3.971962881,24.24831503,2.450550914,0.533022717,89.36466713,19263.97266,67.502542,0.03125,3459.911627,0.154870997,0.171781997,122.3879441,8.44245225,0.97678759,13.71764635
2009-05-06-05:52:25.05.fil_sigproc_004.phcx.gz.dat,NEGATIVE,13,MAX,0.03934395,52646.46609,0,8456,125.375,0.022667642,1.338972502,28.87428768,149.0217795,14.17645104,17.37227741,22.34113897,6864.979004,63.18255,0.21875,3632.60544,0.819096383,3.970664716,5069.504606,0.349311458,0.7089093,9.435723988
2009-05-29-12:00:56.10.fil_sigproc_075.phcx.gz.dat,POSITIVE,7,MAX,115.5715572,1.631547602,8,-1335,10.81541464,0.992063804,136.0951696,18.68836088,1971.927835,12.41767685,2052.163435,69.30739068,6.67865,450.187328,0.101562,2.245485477,0.164444366,0.081528163,825.1101104,3.338024313,0.183556685,4.404152465
2009-05-29-12:21:43.09.fil_sigproc_077.phcx.gz.dat,POSITIVE,16,MIN,193.0244297,0.726833993,11,3469,26.49500644,0.836641733,97.69025186,1.97102856,1025.014004,48.36904163,1465.212018,577.3406028,6.437065,510.808139,0.015625,0.81099396,1.184490216,5.227359364,4980.681851,17.67578381,0.049124775,4.261404127
2009-05-29-18:51:53.07.fil_sigproc_001.phcx.gz.dat,POSITIVE,17,MAX,4.01603022,499.9609207,2,8534,117.4722882,0.054812534,6.503516426,36.55087453,977.0924007,18.52260745,350.7690429,290.108864,288.449921,79.225386,0.328125,201.5792588,1.949751229,0.530906312,1104.031424,0.243885634,0.999512469,13.78311833
2009-05-29-18:51:53.07.fil_sigproc_001.phcx.gz.dat,POSITIVE,21,MAX,4.01603022,499.9609207,2,8534,117.4722882,0.054812534,6.503516426,36.55087453,977.0924007,18.52260745,350.7690429,290.108864,288.449921,79.225386,0.328125,201.5792588,1.949751229,0.530906312,1104.031424,0.243885634,0.999512469,13.78311833
2009-05-30-10:52:43.02.fil_sigproc_001.phcx.gz.dat,POSITIVE,15,MAX,7.752063327,56.97994988,3,1293,39.87109647,0.97294138,84.11344085,38.46439694,1745.344282,18.20402102,1345.326533,162.505219,29.740818,1011.31881,0.492188,29.27972141,0.282438867,38.13816172,3267.021627,0.338789973,0.794462808,7.316386443
2009-05-30-11:33:31.10.fil_sigproc_040.phcx.gz.dat,NEGATIVE,10,MIN,294.5972086,0.734923367,11,1581,15.20424122,0.931111072,117.4027134,15.27298617,2156.038711,9.04E-07,2403.844094,2.500681087,5.309936,86.566033,0.492188,5.227611653,1.096412449,0.012921026,2081.536828,0.411341294,0.117012885,4.10814941
2009-05-30-13:05:52.06.fil_sigproc_001.phcx.gz.dat,POSITIVE,4,MAX,0.016723219,293.5540927,0,15576,125.375,0.009592124,2.594255803,2.058389874,0.732921196,2.058389874,0.248599243,388.4866963,1319.406128,297.826506,0.015625,166.2295473,0.04204654,1.523094202,160.9430754,4.454281648,0.959860913,13.61625151
2009-06-03-02:23:50.03.fil_sigproc_012.phcx.gz.dat,NEGATIVE,3,MAX,6253.728267,0.138384581,20,5641,84.13028592,0.252427178,41.89277789,4132.052453,4760.00017,4132.052453,4759.997493,3668.869815,32.350746,82.250998,0.007812,2.870571919,0.682071702,19.42770459,1732.489207,44.14502614,0.648110794,11.47806921
2009-06-03-03:46:04.02.fil_sigproc_001.phcx.gz.dat,NEGATIVE,4,MIN,0.011725115,0,0,-12002,102.2406442,9.05E-09,228.1492983,8815.380146,147.5360756,111.4172463,710.4199962,1219.859098,21.738556,-8.498506,0.492188,21.40152512,2.329400774,17.22053097,3485.479636,0.290500015,0.581198618,9.732179992
2009-06-03-10:47:54.06.fil_sigproc_001.phcx.gz.dat,POSITIVE,20,MAX,0.089488592,530.6193385,1,13151,105.8023206,4.18E-10,19.49002366,1.812168095,82.32709823,1.812168095,75.39550843,842.8068444,40.863876,97.311622,0.015625,5.148364452,0.24543024,2.787404572,360.1871914,31.5,0.309636605,9.114686388
2009-06-03-18:05:29.06.fil_sigproc_068.phcx.gz.dat,POSITIVE,13,MIN,104.3716801,1.500748917,8,1892,9.024376551,1.005413272,112.1255023,110.8918616,1892.87921,3.970946558,2144.421604,573.0207201,6.0811,443.791889,0.046875,1.348583541,0.691073904,13.41578963,1378.499759,5.928743543,0.128632124,4.498363105
2009-06-03-19:03:08.09.fil_sigproc_001.phcx.gz.dat,POSITIVE,5,MAX,0.036114135,4804.568018,0,14201,258.6765924,0.016639616,133.0336877,5.669325624,92.95663143,1.758257555,20.87206468,307.1355605,304.59201,217.878978,0.046875,67.54826783,0.452393333,1.155548017,406.8316232,0.142318761,0.987821823,13.64874749
2009-06-04-10:01:42.01.fil_sigproc_001.phcx.gz.dat,POSITIVE,11,MIN,0.01613135,157.8986699,0,15528,125.375,0.002666377,0.159215573,2.525116883,0.460391891,2.525116883,0.082679177,529.9234062,1313.432373,316.563408,0.023438,203.4782908,0.307020953,0.215261621,237.8704965,3.210497106,0.974758349,13.63199156
2009-06-04-10:01:42.01.fil_sigproc_001.phcx.gz.dat,POSITIVE,9,MIN,0.01613135,157.8986699,0,15528,125.375,0.002666377,0.159215573,2.525116883,0.460391891,2.525116883,0.082679177,529.9234062,1313.432373,316.563408,0.023438,203.4782908,0.307020953,0.215261621,237.8704965,3.210497106,0.974758349,13.63199156
2009-06-04-16:03:03.12.fil_sigproc_071.phcx.gz.dat,NEGATIVE,19,MAX,121.0074184,1.118987297,10,5872,47.48350632,0.480769726,76.03033393,27.24395026,1004.105443,28.30309332,1098.748804,23.94652626,5.610757,348.591353,0.007812,0.497858117,0.999998641,1.962159631,28800.29074,37.94008434,0.011950282,4.008045281
2009-06-14-14:03:35.06.fil_sigproc_004.phcx.gz.dat,POSITIVE,6,MAX,0.151125479,103.6816027,1,14417,250.7500017,2.96E+14,125.1667386,7739.47878,1796.240998,2.475246514,4.230829967,1659.719948,184.127991,134.75039,0.023438,28.52529728,0.139367379,7.302829091,143.6892154,10.17083248,0.955048946,13.29150856
2009-06-24-00:56:51.09.fil_sigproc_001.phcx.gz.dat,POSITIVE,22,MAX,0.144279798,2179.783224,1,14256,125.375,0.013030163,0.719344081,7.2040848,63.35466111,3.054758617,5.867720579,374.919454,974.932007,158.618222,0.070312,268.1145863,0.350299738,0.320952904,244.5120754,0,0.989204258,13.92794957
2009-06-28-01:48:03.04.fil_sigproc_037.phcx.gz.dat,NEGATIVE,7,MAX,887.262077,0.379108445,12,-895,19.0412878,0.994580874,69834227.87,110.6356337,3582.162721,14.8767982,4337.769474,1200.231524,13.437521,-0.020262,0.007812,1.192348716,0.948242339,7.763002172,4716.783157,41.71790183,0.737052319,12.16916558
2009-08-16-13:07:05.02.fil_sigproc_001.phcx.gz.dat,POSITIVE,14,MIN,0.027353362,513.9252885,0,11794,98.79193882,0.10069873,25.91284757,4.691222367,77.76209285,4.691222367,77.09593977,4.074546236,49.249466,3.146784,0.046875,10.92187586,0.191816481,0.022886211,193.0026868,6.937251831,0.641215332,9.320502904
2009-08-19-05:43:11.07.fil_sigproc_141.phcx.gz.dat,NEGATIVE,12,MIN,243.47236,0.995940089,10,2457,18.51262216,0.938658938,108.9624955,6712.389502,1913.347031,6712.389502,2391.489404,0.25597731,3.311943,165.800133,0.242188,1.872312881,0.69670104,0.006434129,1606.594925,0.671134871,-0.038139759,3.772301491
2009-08-20-01:39:23.06.fil_sigproc_104.phcx.gz.dat,NEGATIVE,13,MIN,717.6687142,0.148509897,14,-931,13.42197833,0.939331447,140.4260692,3.587172131,1342.090297,103402.7136,2163.456482,0.255985524,0.194407,624.067336,0.375,0.150587015,0.198410649,0.053990677,2657.56294,0.561742492,0.010692087,3.6748086
2009-08-24-05:09:51.fil_sigproc_001.phcx.gz.dat,POSITIVE,6,MIN,0.030301364,614.7501317,0,10979,92.35711398,8.08E-18,32.78376807,4.880948807,159.9788182,4.880948807,156.3558112,587.5550019,40.581463,255.894044,0.046875,8.999604197,0.306393159,0.548859947,223.3758883,0.257300804,0.764039166,9.524124421
2009-08-26-13:23:32.11.fil_sigproc_088.phcx.gz.dat,POSITIVE,8,MAX,113.7343838,3.614761754,8,3766,34.95742427,0.75332837,93.92153596,9123.584674,2288.106747,3.380968868,1793.87904,38.45005278,6.452106,812.23235,0.023438,0.999566881,0.476760005,0.550457726,1477.828879,10.63992824,0.100190486,4.361769355
2009-09-10-00:24:54.13.fil_sigproc_012.phcx.gz.dat,NEGATIVE,12,MAX,36.37253837,1.517356834,9,5783,42.98502369,0.15489677,86.28394043,0.572743078,374.405253,0.267758992,381.3031496,5221.950495,1.568318,-52.501331,0.007812,0.13916123,0.929168907,235.2902186,11371.65486,0.790569415,0.02207011,4.309466293
2009-09-11-02:53:23.fil_sigproc_037.phcx.gz.dat,NEGATIVE,1,MAX,8989.888788,0.002727544,17,-103,121.713512,7.17E-10,11.87477432,20357.65443,13863.6093,0.404378456,13957.59515,0.315051221,10.882812,297.337171,0.195312,5.361568118,2.19303272,0.029229956,4920.90064,0.52926049,0.01723049,10.75048575
2009-09-13-01:02:10.12.fil_sigproc_001.phcx.gz.dat,POSITIVE,9,MAX,3.008623664,423.0119057,2,6323,84.77119937,0.279679069,42.03995024,0.093141835,4815.997498,10.28715584,862.1487126,47.76469591,39.139439,145.999547,0.101562,13.15940225,0.158031873,0.200885308,45.51145728,0.678965681,0.878194011,10.23308262
2009-09-13-01:32:00.07.fil_sigproc_001.phcx.gz.dat,POSITIVE,4,MAX,0.013934869,330.3127386,0,15541,125.375,0.00959188,0.297535923,1.913201036,1.874935639,1.913201036,0.633970401,842.8016687,520.744385,96.288692,0.015625,65.60762568,0.101703094,1.747076683,250.6851774,5.163876935,0.938073423,13.37386169
2009-10-24-00:37:30.02.fil_sigproc_001.phcx.gz.dat,POSITIVE,11,MIN,0.016908733,956.0018659,0,15435,125.375,0.011424349,0.40649897,2.698606156,19.70504033,2.105352946,0.473204445,89.36639742,2251.576172,68.114696,0.023438,348.8164906,0.21366651,0.029631365,342.2366785,0.63374417,0.985287611,12.75761145
2009-10-24-00:37:30.02.fil_sigproc_039.phcx.gz.dat,NEGATIVE,6,MIN,175.8425938,1.264239829,7,3283,4306.135988,1.10E-23,4200.834233,3.787230503,6468.083969,3.802005428,5925.622498,31.08396459,77.966049,67.351973,0.046875,17.29024855,1.158822192,0.546689901,1635.289684,0.225988057,0.828759296,11.5348481
2009-10-24-00:37:30.09.fil_sigproc_047.phcx.gz.dat,NEGATIVE,21,MIN,197.1445356,0.431370643,9,-1271,24.10309658,0.901483203,146.2797987,2.925945883,2101.488736,33.67604458,3209.627701,122.8789243,10.237467,97.442891,0.023438,1.585998891,0.584122296,1.410094074,2820.725749,9.841120681,-0.089434885,5.37694229
2009-10-25-06:20:18.02.fil_sigproc_065.phcx.gz.dat,POSITIVE,21,MIN,202.3900899,0.967824147,10,121,3.921507924,0.990491718,124.0631399,6.596408243,1217.008393,2.12878267,1424.566123,163.7279315,8.836164,114.060331,0.070312,2.430020184,0.041983423,2.560994992,378.5394037,0.941375733,0.008713226,4.325842267
2009-12-19-02:18:12.03.fil_sigproc_047.phcx.gz.dat,NEGATIVE,9,MAX,395.2841227,0,8,25,250.7499999,5.587393335,374,15997.69086,16076.69154,15997.69086,16036.27855,0.273073074,18.870441,48.778925,0.226562,10.2132234,1.833716667,0.007064374,7687.362814,0.440131829,0.026507014,10.63832057
2009-12-19-02:18:12.03.fil_sigproc_047.phcx.gz.dat,NEGATIVE,11,MAX,395.2841227,0,8,25,250.7499999,5.587393335,374,15997.69086,16076.69154,15997.69086,16036.27855,0.273073074,18.870441,48.778925,0.226562,10.2132234,1.833716667,0.007064374,7687.362814,0.440131829,0.026507014,10.63832057
2009-12-19-15:14:39.10.fil_sigproc_001.phcx.gz.dat,POSITIVE,7,MIN,0.024419797,1749.202804,0,15030,125.375,0.009864346,0.016778498,3.91401582,19.47329226,2.121031555,1.224497009,166.7708336,1185.845337,73.404607,0.03125,212.9841099,0.275318721,0.13287298,163.352887,5.374685068,0.971935031,13.65355599
2009-12-22-23:22:20.07.fil_sigproc_002.phcx.gz.dat,POSITIVE,12,MAX,0.017315697,86.74548533,0,11758,95.39258287,0.149483528,30.61201569,3.393194938,177.6081864,3.106601152,87.63995253,4630.367926,44.090477,148.784878,0.03125,7.918883438,0.313043145,32.15711236,487.5256625,4.4606789,0.63340933,9.238950724
2009-12-24-21:16:33.05.fil_sigproc_008.phcx.gz.dat,NEGATIVE,20,MAX,716.4524572,1.259254235,12,11428,117.0584351,0.066124946,10.04523405,3437.151617,3704.206711,3437.151617,3708.514157,3424.030894,152.599258,-7.200667,0.007812,13.54055776,0.149189925,2.430957595,226.3880679,61.19422631,0.958997759,11.76996544
2009-12-27-22:59:33.05.fil_sigproc_001.phcx.gz.dat,POSITIVE,6,MAX,0.014250812,1174.927849,0,15419,250.7500032,6.73E+13,125.3604972,2.30248963,2.812482091,2.30248963,0.848556693,653.0619785,326.924683,23.92056,0.023438,50.64750731,0.319666106,0.063937315,210.3224646,7.801959556,0.958714214,13.23985868
2009-12-28-14:24:01.05.fil_sigproc_021.phcx.gz.dat,NEGATIVE,14,MIN,389.5873632,0.328216915,12,980,4.989242387,0.994714919,122.762794,103.8799945,1165.146541,3.955502575,1531.438154,4968.356254,9.37388,-491.50242,0.492188,9.228548955,0.533069402,516.8327981,122.487267,0.337194837,0.115601819,3.530146562
2009-12-29-22:54:29.02.fil_sigproc_001.phcx.gz.dat,POSITIVE,1,MIN,0.01182515,929.5478761,0,13956,109.6465791,0.066242751,16.61312995,1.60579885,42.80057247,1.60579885,42.44175004,361.9221227,45.047558,72.731534,0.015625,5.67545884,0.216243682,2.815787922,514.9721781,17.70190079,0.581642381,9.903315664
2010-01-02-12:55:41.07.fil_sigproc_001.phcx.gz.dat,POSITIVE,2,MAX,0.037325423,65889.49213,0,13493,117.4953562,0.046197149,6.526473938,6.563255116,18.04740405,6.563255116,16.10646767,214.8386061,166.315353,122.602813,0.070312,45.73813531,0.409074311,1.533413736,320.2516457,3.03613356,0.988706029,13.47625308
2010-01-13-21:23:36.03.fil_sigproc_002.phcx.gz.dat,NEGATIVE,1,MIN,0.000158449,270.8573515,0,-142,31702.71426,0.002284107,31825.93284,46.76213941,1058.32728,25.54494739,1453.484282,390.613858,487.785583,624.805487,0.492188,480.2230381,0.934004373,17.17151203,2321.720375,0.369346214,0.017062782,8.697582593
2010-01-14-01:43:08.04.fil_sigproc_004.phcx.gz.dat,POSITIVE,19,MIN,2.231718851,205.0662897,2,1580,19.02693267,0.879879408,109.9882208,25.25093826,1031.006886,9.344561699,1205.927263,3.496632669,16.120909,48.119491,0.21875,8.530383224,0.07496753,0.01930132,15.18087717,0.337099621,0.709902785,5.889962587
2010-01-24-23:36:42.04.fil_sigproc_003.phcx.gz.dat,NEGATIVE,5,MIN,8.092481044,3.551424611,3,-808,6.13E-10,1.40E+11,124.6608999,11405.37796,4699.544746,12.18611463,4481.256767,79.26954988,139.448303,2.608665,0.101562,46.88509493,2.630007313,1.592798422,5535.962922,3.325233008,0.894651936,12.54773194
2010-01-25-00:28:09.04.fil_sigproc_001.phcx.gz.dat,NEGATIVE,5,MAX,0.024696234,468.6846052,0,-145,4777310.116,1.04E-05,4777186.878,67.42176065,1337.179622,25.02428147,1144.818217,19.80054428,346.962036,0.008098,0.492188,341.5827955,1.894002385,0.025907086,1677.141512,0.164096599,0.998230874,13.83365167
2010-01-26-02:29:59.10.fil_sigproc_051.phcx.gz.dat,NEGATIVE,21,MAX,2.704523652,58.5108312,2,76,0.557217735,1.000062058,123.8205333,53.68668031,1174.616048,23.08456158,894.2096669,20.01225858,601.626587,-0.000753,0.492188,592.2990705,3.463070531,0.034827574,2882.045399,0,0.999949404,13.95881138
2010-01-28-02:21:08.10.fil_sigproc_034.phcx.gz.dat,NEGATIVE,17,MAX,6863.527477,0.061840944,18,-165,31758.10668,7.80E-05,38185.03683,7972.071782,7173.893921,7972.071782,8470.525958,499.9611613,264.566071,-0.065425,0.015625,33.33219187,7.063573978,0.690012972,6248.500317,11.25592437,0.999468769,13.99501077
2010-01-28-21:28:49.10.fil_sigproc_003.phcx.gz.dat,NEGATIVE,22,MAX,3181.254831,0.158361045,15,4872,250.75,6910646991,125.3301166,13122.73314,9137.144193,1.751849161,8791.102424,16.00104373,2205.882812,0.010078,0.015625,277.9151115,2.177912872,0.015664096,3018.98616,20.85815188,0.999735363,13.99788927
2010-01-28-22:06:25.09.fil_sigproc_096.phcx.gz.dat,POSITIVE,5,MIN,126.2220446,2.103391124,8,-190,0.073393416,0.999922476,122.709168,92.2895341,2132.720619,5.982290185,2086.260064,423.8371392,7.572218,909.18624,0.070312,2.082424294,0.230180187,1.934702444,1076.203504,3.652807703,0.079639363,4.252839944
2010-01-28-23:40:11.02.fil_sigproc_014.phcx.gz.dat,NEGATIVE,18,MAX,3.60623821,76.09123433,3,4848,52.82747295,0.4764728,70.39200131,5653.235041,2284.794976,5653.235041,2323.37473,4482.986078,23.001251,-327.756799,0.046875,5.100904199,1.001919328,165288.6081,9837.338298,8.200270998,0.070648709,3.426353915
2010-03-27-11:31:15.04.fil_sigproc_074.phcx.gz.dat,POSITIVE,4,MIN,162.9326797,0.854844537,9,-1505,11.24772241,0.993265581,129.0200295,19.64509061,1782.983743,19.64509061,2243.964394,115.8526028,8.147483,865.324514,0.21875,4.311242766,0.39781617,0.10702019,993.56882,0.502843543,0.247256809,4.3194017
2010-05-14-17:16:32.10.fil_sigproc_001.phcx.gz.dat,POSITIVE,12,MIN,4.883710563,33.23107569,3,485,8.619348894,0.974910213,118.6404561,358.3459377,1964.648813,14.68930889,1076.512012,1.64560869,16.228254,152.932797,0.492188,15.9766539,0.710999667,0.083615378,700.7238579,0.202098266,0.67477748,5.977006455
2010-05-19-04:34:02.01.fil_sigproc_031.phcx.gz.dat,NEGATIVE,16,MAX,0.476241149,0,1,-6858,125.375,0.150378902,0.842118838,1869.50008,376.8661706,89.21363927,574.747034,4826.035639,6260.509277,-11.369869,0.492188,6163.447404,0.204431149,153.6895325,122.9022096,0.341565026,0.993552955,13.87478529
2010-05-19-06:28:00.fil_sigproc_086.phcx.gz.dat,NEGATIVE,18,MIN,190.3899658,1.114780917,10,2530,24.03303493,0.843915225,104.5978599,155.7631074,1825.986346,6.852519902,1828.031922,0.330037125,4.644464,933.816339,0.1875,2.231128337,0.800427818,4.59E-09,1813.226555,0.86928212,0.056777079,3.922490631
2010-05-20-18:22:27.06.fil_sigproc_001.phcx.gz.dat,POSITIVE,18,MIN,1.144972464,308.3217343,2,6405,56.06184799,0.283113318,68.21364606,8.157561589,396.4336181,7.897346926,419.575772,1.84566477,20.165174,59.934919,0.070312,5.5455942,0.460685009,0.000421227,486.6270915,4.237788071,0.516061887,6.477853501
2010-06-14-14:42:14.09.fil_sigproc_029.phcx.gz.dat,POSITIVE,8,MAX,648.1536643,0.905987656,11,2189,62.51686955,0.493089188,68.86790889,141064.8183,4943.333685,141064.8183,4943.36469,312.3339088,18.199768,24.976972,0.03125,3.268774828,0.801973165,0.09649257,1368.846124,8.928871126,0.587601815,9.614053347
2010-09-02-03:36:18.10.fil_sigproc_039.phcx.gz.dat,NEGATIVE,10,MAX,472.2709233,0.32494297,12,-1794,17.21039419,0.960579848,138.3977594,10.35287071,1728.819392,2.41E+11,2474.515381,11.74586442,5.515123,78.126864,0.21875,2.918328782,0.502140514,0.008053548,412.7685553,0.466409587,0.200498721,4.523124441
2010-11-30-16:48:17.05.fil_sigproc_005.phcx.gz.dat,NEGATIVE,8,MIN,301.5311599,0.70913973,10,-1000,11.99242543,0.975960495,138.1900788,7.13E-07,2275.076327,40.91922632,2787.668128,850.7364822,5.602912,466.887222,0.046875,1.242537519,0.624517365,2.876435622,2325.007262,7.410671734,0.033924695,4.02622335
2010-12-02-09:00:26.08.fil_sigproc_098.phcx.gz.dat,NEGATIVE,22,MIN,486.3707272,0.321582696,11,-40,6.848682604,2.04485893,115.9227252,9.301679034,2540.874264,2.446515812,3157.995905,47.6091927,2.431185,450.172154,0.101562,0.817409298,0.967825228,202.5340247,1377.085716,0.93699444,-0.0373733,1.299530088
2010-12-02-17:33:56.10.fil_sigproc_082.phcx.gz.dat,POSITIVE,19,MAX,153.1589596,1.025060497,10,3442,27.14558131,0.787529001,102.2265541,1.938869397,1007.842881,1.938869397,1286.505535,111.5606446,6.633695,803.351823,0.023438,1.027698835,0.876821473,6.347743795,7717.402254,0.696204367,0.063896869,4.609645719
2010-12-04-10:17:09.10.fil_sigproc_090.phcx.gz.dat,NEGATIVE,14,MAX,197.188379,0.609811601,10,92,3.744130529,0.988678233,122.7266001,49.68694985,1348.942357,2.665942648,1440.721048,4972.245682,8.052501,1468.184459,0.492188,7.927656391,0.252094408,2258.524375,2213.193204,0.33433484,0.012899459,3.226666236
2010-12-04-21:40:25.03.fil_sigproc_076.phcx.gz.dat,NEGATIVE,16,MIN,208.0965939,0.642126241,11,3542,24.92672344,0.855077699,108.5286297,5.325917834,1254.235807,0.667780154,1586.733538,7.64189193,0.964751,758.132555,0.007812,0.085605047,1.037355324,0.491164235,17292.22093,1.325825215,0.011502307,2.564030735
L155451_SAP1_BEAM61_DM73.83_Z0_ACCEL_Cand_1.pfd.dat,POSITIVE,1,MIN,4273.51875655,3.26733653302,1.0,406.943362353,4.98494306313,0.0599857263739,0.0452599549806,2.78135611363,1.29891430716,2.78135611363,1.30333690967,272.456776578,363.433617103,73.8019056357,0.02,51.9190881575,0.674046348814,0.0497808636678,1459.91578453,0.0883883476483,0.911527663543,30.2218862761
L83017_SAP2_BEAM9_DM96.39_Z0_ACCEL_Cand_4.pfd.dat,NEGATIVE,1,MAX,644.421681209,0.00173080828147,2.0,-6.33113558566,0.229918712149,0.817366836616,1.02377840057,0,0,0,0.0743291403764,26.1213023645,0.847765497124,96.433114647,0.16,0.369995196395,0.351773963158,0.0344108783002,9915.51302317,0.462379773609,0.0800013271772,7.11968451105
L143770_SAP1_BEAM1_DM35.40_Z0_ACCEL_Cand_1.pfd.dat,POSITIVE,?,?,1674.10475111,29353.1096557,0.0,8589.77665763,83.5895883587,0.163662956601,37.5548908417,11.8923920651,861.449227035,1.91109877227,203.072671108,1358.74286375,27.6748878007,35.3533020152,0.03,4.86699196286,0.559135282199,0.0207780553562,13.7343041236,6.99563836209,0.162595603154,11.7675932125
L155450_SAP1_BEAM10_DM26.73_Z0_ACCEL_Cand_1.pfd.dat,POSITIVE,?,?,4590.54287537,7987.19626668,2.0,7587.31600768,72.6830246202,0.255869749223,49.2144922468,8.35926416193,1251.08028781,1.92196023089,506.661097409,357.259268267,15.8303167432,26.8036805008,0.02,2.26147382046,0.000863120211569,0.0337767093403,40.1669973614,11.6545972516,0.0575053581031,8.52621447281
L155451_SAP1_BEAM2_DM34.92_Z0_ACCEL_Cand_23.pfd.dat,POSITIVE,?,?,8595.25005855,30609.8407495,0.0,3090.54249514,3567.65644072,5.14505758533e-07,3512.88422442,26.6992931744,951.726359623,13.0280038254,563.404225536,64.3657708882,6.41708908233e-14,34.9111505122,0.31,4.30124687182e-14,0.20528092884,0.00550112675878,2.72271770336,0.0563120766935,0.982453685864,24.4937285663
L155451_SAP1_BEAM61_DM73.83_Z0_ACCEL_Cand_1.pfd.dat,POSITIVE,?,?,7302.02136681,17309.5579894,1.0,10234.9261383,304.304254941,8.10977659052e-06,184.272485503,5.22888283884,324.31981457,3.71862450418,94.5674886922,272.456776578,31.5806132587,73.8019056357,0.05,7.24508956683,0.15248873659,0.049725061019,2.99569411289,7.98025537226,0.903251797403,30.2218862761
L167143_SAP2_BEAM10_DM58.44_Z0_ACCEL_Cand_1.pfd.dat,POSITIVE,?,?,1479.92670329,33005.8562273,0.0,9683.17948815,101.357541128,0.097696343055,25.3388169597,3.04116933843,81.247184345,3.04116933843,76.2983563578,495.401553702,37.7599022197,58.4059443604,0.04,7.70770776463,0.438759851468,0.023581532077,24.7478320851,0.14807229054,0.732768537898,22.8554903373
L167143_SAP2_BEAM2_DM94.92_Z0_ACCEL_Cand_1.pfd.dat,POSITIVE,?,?,6302.81875099,14422.8354073,1.0,8406.61195692,83.7901953522,3.03210901422e-16,41.8366154644,1.58903731956,211.511003784,1.58903731956,215.144626549,944.79453028,23.398871413,94.8875260806,0.02,3.34269591615,0.110543102416,0.00557549576568,3.58792087662,11.1070555715,0.24789092957,14.2477718314
L167143_SAP2_BEAM9_DM122.36_Z0_ACCEL_Cand_1.pfd.dat,POSITIVE,?,?,2345.33769775,4152.03584449,3.0,4231.90815882,31.3634284579,0.692052594974,76.9098305893,230.938423147,2380.40623386,6.04282819024,959.569842499,233.650258302,12.4966072523,122.384093112,0.09,3.93000116791,0.0442395749812,0.0296215945072,2.8413583978,0.484530257783,0.218517058281,8.71294406706
L168043_SAP1_BEAM11_DM9.18_Z0_ACCEL_Cand_1.pfd.dat,POSITIVE,?,?,1107.00273271,33101.4360926,0.0,9749.05824521,94.4244060941,0.00543794703344,30.6099487012,1.4417271535,64.1165453743,1.4417271535,67.7306957187,1656.43782351,37.0037337791,9.18,0.02,5.28624768274,0.842286796303,0.0134457906212,45.1379941574,0.23546453743,0.659980217432,25.0838450837
L168045_SAP1_BEAM10_DM15.66_Z0_ACCEL_Cand_8.pfd.dat,POSITIVE,?,?,8330.2828038,13337.2603648,0.0,2595.21477219,49.9613506353,0.476486110612,55.6937460905,22.9415867853,364.678245597,5.41217872061,315.746409206,60.3298983821,0.1,15.6745135602,0.26,0.0592748978364,0.0446820323504,0.00146988673241,1.44238537709,0.087574784664,0.819398185899,15.8114433763
L80012_SAP1_BEAM0_DM80.79_Z0_ACCEL_Cand_1.pfd.dat,POSITIVE,?,?,1336.18682174,2251.32850318,5.0,2690.39049509,7.53920930654,0.974479440591,91.3984639199,1.30026947288,2558.06562172,2.66089949354,2155.89153515,218.713003823,2.00950367457e-14,80.8802294931,0.08,5.92570305359e-15,0.81791116915,0.0360549613924,4.76896865054,0.613563855843,0.15240257171,8.15329059416
L80014_SAP2_BEAM57_DM18.39_Z0_ACCEL_Cand_1.pfd.dat,POSITIVE,?,?,7242.27087249,16178.883523,1.0,9401.82007467,96.0565857538,1.2500814263e-09,29.8393369055,1.8142446215,97.5624489819,1.8142446215,91.1484066375,709.067085012,37.5302753615,18.39,0.02,5.36146790878,0.0684569067829,0.0283403161666,2.0996808781,13.7359532356,0.181044507995,13.7604305889
L80262_SAP1_BEAM2_DM13.92_Z0_ACCEL_Cand_1.pfd.dat,POSITIVE,?,?,2075.63387088,3312.80198668,3.0,3076.65988295,22.8686300698,0.721571802402,79.9383749911,8.93371338772,914.365540528,4.83421745626,933.463780093,384.9224567,11.2520177271,14.0126176515,0.13,4.34953127094,0.415608551535,0.00495115408842,2.0040742548,0.51210332892,0.248769942971,8.95290836914
L80589_SAP0_BEAM0_DM31.50_Z0_ACCEL_Cand_1.pfd.dat,POSITIVE,?,?,5805.31677309,13253.9035484,1.0,7414.43345476,68.9399406982,0.211093609284,49.8420533021,3.22764697953,309.474280811,3.22764697953,313.275071538,275.024086225,26.2841642251,31.4716316257,0.03,4.6224149834,0.108359842215,0.0223226774738,0.955852188382,0.800610796561,0.213122254905,11.7130277208
L80589_SAP2_BEAM38_DM48.72_Z0_ACCEL_Cand_1.pfd.dat,POSITIVE,?,?,1489.85812784,31666.274973,0.0,9395.20229563,96.463533285,0.14386358073,30.1322302965,2.58670706517,155.292465984,2.6475551037,128.548597247,458.736663339,35.1764289726,48.7357726632,0.03,6.18623635711,0.473992390049,0.0131624603945,12.7412072367,0.19742972072,0.365483973611,15.4097829055
L80590_SAP1_BEAM46_DM60.15_Z0_ACCEL_Cand_1.pfd.dat,POSITIVE,?,?,1706.99295025,24944.6611432,0.0,7203.51395934,70.4950436587,0.166652756649,46.2788048715,3.1362950262,268.510015921,3.03299767271,269.004002155,345.584467924,28.5647242132,60.1381188692,0.04,5.8307499138,0.555189428499,0.00110032842166,1.73220490506,5.69065071361,0.202698655082,11.3929111819
L80592_SAP0_BEAM5_DM36.18_Z0_ACCEL_Cand_1.pfd.dat,POSITIVE,?,?,1459.66040154,36418.5467504,0.0,10630.0555294,111.242181221,0.0569982010178,13.5433922997,3.02451473947,38.7000252684,3.02451473947,35.2680195414,410.861682984,105.538324045,36.18,0.04,21.5429201849,0.585679970732,0.00493977531531,26.3124543996,0.108833625615,0.695638383718,23.0427860888
L81233_SAP1_BEAM11_DM39.87_Z0_ACCEL_Cand_1.pfd.dat,POSITIVE,?,?,2280.28145373,27491.4855414,0.0,7967.83195744,79.8339342866,0.151744875621,42.5241096942,6551.84249632,1231.13314708,1.00967186611,437.921228226,1138.28629851,33.1830069093,39.7917259061,0.02,4.74042955847,0.161537846318,0.0232559925053,11.6674827106,0.535758375611,0.306411926259,15.9696145771
L81234_SAP1_BEAM20_DM94.74_Z0_ACCEL_Cand_1.pfd.dat,POSITIVE,?,?,1658.56573381,22997.6111684,0.0,6522.48996726,86.0084423437,0.246841792597,32.0026820612,12.4979545352,464.887721227,7.63849303634,241.5258641,194.636407705,7.08895717734,94.6730871934,0.12,2.61777092534,0.0120854599007,0.00457866924682,0.93652039965,0.10985796467,0.837287186827,20.2856585888
L81234_SAP1_BEAM2_DM91.65_Z0_ACCEL_Cand_1.pfd.dat,POSITIVE,?,?,2456.18426484,4062.27216339,3.0,4566.99552045,37.5477825507,0.464057272134,78.8633925424,4.90466388205,665.032472788,4.90466388205,728.307408779,618.189936655,14.8404350908,91.6287476088,0.06,3.74937027634,0.486053365854,0.0578462261995,1.4220378735,0.943269285223,0.170691996332,10.3798622754
L81234_SAP1_BEAM57_DM3.18_Z0_ACCEL_Cand_1.pfd.dat,POSITIVE,?,?,2440.89800001,4902.9552261,2.0,3528.35100775,31.88888252,0.520312705679,91.8405092913,5.62082190794,794.125542643,5.62082190794,882.72110811,226.521645188,13.6789715656,3.14885023686,0.09,4.30183754226,0.274573951209,0.0859656020617,6.56569400777,0.501837223888,0.128644905399,8.28298345455
L81234_SAP2_BEAM31_DM61.05_Z0_ACCEL_Cand_1.pfd.dat,POSITIVE,?,?,1533.57039222,27754.6662152,0.0,8133.26658765,87.2471988385,0.0370364911883,30.6920268934,5.3840788687,248.743845101,4.33596087771,160.222170498,270.258301706,29.6602211698,61.0221269682,0.06,7.49352367121,0.110308665572,0.0113609173969,3.95710665748,0.130050307332,0.699778480661,19.2120873888
L81236_SAP1_BEAM6_DM18.54_Z0_ACCEL_Cand_1.pfd.dat,POSITIVE,?,?,2149.5839281,25972.5458321,0.0,7449.81507186,72.0906542916,8.94884921921e-10,52.9338786634,1.72436226197,103.771640166,1.91444150942,108.414273722,2650.36913558,27.9745234446,18.6310936411,0.02,3.99636049208,0.82925390524,0.110858028529,48.1039033167,0.14807229054,0.661817611233,24.5868965113
L81245_SAP1_BEAM44_DM62.40_Z0_ACCEL_Cand_1.pfd.dat,POSITIVE,?,?,4971.8431331,11101.0413117,1.0,6179.52512426,56.5801301758,0.214519370687,62.024452673,3182.84944146,999.440526686,4.35870889354,581.80208873,1362.80503733,21.6180799264,62.3062985543,0.01,2.17269878193,0.144914486107,0.0330525916196,1.94242334761,14.4979141993,0.128911518074,12.596522037
L81245_SAP2_BEAM0_DM66.81_Z0_ACCEL_Cand_1.pfd.dat,POSITIVE,?,?,962.187554472,38298.7525563,0.0,11237.6248737,113.366201039,3.9503910843e-09,10.0117916799,1746.60853263,879.065457888,1746.60853263,881.386746851,752.901671544,62.5201079223,66.8358833704,0.02,8.9314439889,0.582969021302,0.0388972307061,31.9460512087,0.184451016314,0.856074149975,28.1955902492
L83018_SAP1_BEAM6_DM28.98_Z0_ACCEL_Cand_1.pfd.dat,POSITIVE,?,?,2034.55860915,3909.96237654,3.0,4138.69411508,37.4719838694,0.652736672357,78.1557346939,120.924258391,1906.74227632,4.57575282511,683.639600207,477.233293326,14.0794979141,29.0784584286,0.07,3.86273321054,0.584491254703,0.0680627921446,3.70799631366,0.673689410541,0.0684783977171,8.81073516357
L83018_SAP2_BEAM73_DM29.16_Z0_ACCEL_Cand_1.pfd.dat,POSITIVE,?,?,5114.69964321,10013.5722849,1.0,5620.12544038,55.9283385926,0.337158892317,62.6553102318,4171.44401504,1531.34392163,0.00372097992671,539.574187373,477.23836381,21.5945840134,29.1107707857,0.08,6.36789541857,0.573387461672,0.0590225072531,8.58927734611,1.16009706288,0.104971283416,9.36433244632
L83047_SAP0_BEAM0_DM12.90_Z0_ACCEL_Cand_1.pfd.dat,POSITIVE,?,?,1175.82774475,34092.0881815,0.0,10033.9422629,99.4569128632,4.03033750701e-11,26.3979493189,26.1908112601,841.584019205,26.1908112601,841.434488949,1273.78128413,36.883215666,12.8562146841,0.02,5.26903080942,0.613442964097,0.0332600507244,40.5941271065,0.210006720323,0.804884630973,27.3639979694
L88293_SAP1_BEAM2_DM30.30_Z0_ACCEL_Cand_1.pfd.dat,POSITIVE,?,?,3584.31945002,7136.38845687,2.0,7057.75724793,68.3596357175,0.250957152412,50.2860153799,5.07028348062,522.647922978,5.402726286,485.607433385,694.060610011,18.5432443889,30.2761397886,0.03,3.2610727117,0.0463469429098,0.0316313839944,0.50230804488,0.758282567181,0.163171131097,11.0128446225
L99256_SAP1_BEAM0_DM29.19_Z0_ACCEL_Cand_1.pfd.dat,POSITIVE,?,?,6204.84090419,14787.7164577,1.0,8807.84407118,86.3017761405,0.123347867878,33.9117412612,1.78873837092,176.169902152,0.276425973577,764.764791715,396.119070774,19.5942619456,29.2036180019,0.02,2.79918027795,0.194292597386,0.00652546378611,2.09571476258,8.90279892107,0.156748666434,11.5398376935
L99258_SAP0_BEAM1_DM33.75_Z0_ACCEL_Cand_1.pfd.dat,POSITIVE,?,?,2743.59875229,41913.4876123,0.0,7422.00919519,73.33269317,0.0448156232972,51.2059519678,3.71770257201,162.244196198,3.71770257201,162.522794663,64.9409298544,28.294219427,33.7566966802,0.04,5.77553335555,0.158541569113,0.00160889373341,1.92994587346,0.467217547111,0.359443106311,14.2490023542
L99259_SAP1_BEAM5_DM90.21_Z0_ACCEL_Cand_2.pfd.dat,POSITIVE,?,?,2260.76072743,4287.95371832,3.0,4187.73491511,26.9608164933,0.724336753615,82.2921029456,5.83627659409,1671.07467699,3.17736887795,1003.82307976,1272.2570068,9.6790307653,90.4286369168,0.06,2.44536430592,0.886780998717,0.0746027570129,2.6366681223,0.673602162025,0.0567819926101,8.27203508465
L99259_SAP2_BEAM7_DM89.37_Z0_ACCEL_Cand_1.pfd.dat,POSITIVE,?,?,1348.1015514,32000.7098689,0.0,9363.54416773,92.7826461021,0.110561895148,27.8469223612,2.29081391281,199.11381365,0.73898905235,124.988055026,825.938004212,41.6026850578,89.3416129764,0.03,7.316377767,0.309434314699,0.0874663676986,23.5326386058,0.132185923152,0.502364350915,20.0132949689
L169692_SAP2_BEAM49_DM18.35_Z0_ACCEL_Cand_1.pfd.dat,POSITIVE,?,?,5902.48207928,13390.1774706,1.0,7794.19082741,77.5534768201,4.75389979118e-16,45.8994882287,3522.59180747,979.947728901,2.44551057486,190.829297233,961.552352737,28.7640647697,18.35,0.03,5.05853801689,0.662285548481,0.027205061093,9.23607633984,5.17489805624,0.207376511292,12.5823270335
L196704_SAP0_BEAM20_DM6.63_Z0_ACCEL_Cand_1.pfd.dat,POSITIVE,?,?,2858.06767022,4284.13993736,2.0,1936.00287187,5.14928799561,0.982643164169,88.1101402993,29.2469225888,1369.38362207,29.2469225888,1412.37597675,476.412214069,0.1,6.72825347595,0.11,0.0351561524655,0.402994844602,0.27946029711,4.07460857685,0.348110325844,0.316278486925,9.52694120206
L80011_SAP0_BEAM5_DM0.84_Z0_ACCEL_Cand_2.pfd.dat,NEGATIVE,?,?,2172.32133419,2006.45514737,4.0,85.7870205867,0.0,1.0,134.45396859,19.5409305885,1950.84546472,32.2995902713,3712.15035215,43.0660759472,0.1,0.875535369342,0.18,0.0468521285666,0.263455604425,0.00495177251921,77.8064372926,0.518386345779,0.179696317556,8.0419667894
L80011_SAP0_BEAM5_DM0.87_Z0_ACCEL_Cand_2.pfd.dat,NEGATIVE,?,?,2247.61853396,1952.86806479,3.0,-708.710045299,36.4285714286,0.545454545454,195.598992499,1027.76706275,3184.07053556,5.22486643447,3031.93521664,43.0671513883,9.82547376793e-15,0.81669512941,0.16,4.28818831241e-15,0.0965393972613,0.254978583715,219.39107425,0.550627010023,-0.00329086344447,5.73326151962
L80011_SAP0_BEAM5_DM102.48_Z0_ACCEL_Cand_2.pfd.dat,NEGATIVE,?,?,1050.76437976,1296.29417801,5.0,19.9714056809,0.0,1.0,112.041736468,36509.7261282,2960.40293441,2.3940396443,2452.43171007,45.6057580746,0.1,102.310659644,0.02,0.0142857142857,1.81745962348,0.141999989379,739.259990931,14.6113287356,-0.00575013539615,5.75838579674
L80011_SAP0_BEAM5_DM103.41_Z0_ACCEL_Cand_1.pfd.dat,NEGATIVE,?,?,926.376987175,1725.01521985,3.0,-77.1314327259,0.0,1.0,106.541980192,1545.80345492,2896.23332565,4.48273874511,2619.11495398,43.4766889976,0.1,103.365156898,0.14,0.0403473292393,0.0033153608157,0.0198423709431,43.5193183912,0.728489734143,0.0298936609702,7.46388780464
L80011_SAP0_BEAM5_DM104.07_Z0_ACCEL_Cand_4.pfd.dat,NEGATIVE,?,?,1160.5954214,941.581784034,7.0,-581.867311612,31.72826079,0.809044946519,133.891544329,35.3166562003,1658.5896313,35.3166562003,1897.44941875,179.985298018,0.1,103.760592893,0.09,0.0314485451017,7.48493103885,0.653698802153,51.8440779797,0.342467444609,0.0304778186074,6.32805167506
L80011_SAP0_BEAM5_DM105.18_Z0_ACCEL_Cand_2.pfd.dat,NEGATIVE,?,?,1972.65333196,2055.47742355,3.0,-562.550598827,33.6383517991,0.409996154364,120.191696196,8.39665286931,1414.82861287,6.99821443783,1489.3019196,34.963894659,8.1667311802e-14,105.201637471,0.1,2.72224372673e-14,1.02415513956,0.0272711552692,168.182921122,0.480117376599,0.0539734211631,5.91116424537
L80011_SAP0_BEAM5_DM108.72_Z0_ACCEL_Cand_4.pfd.dat,NEGATIVE,?,?,1200.13435016,1727.22283001,8.0,3842.0176148,20.782225858,0.941675822647,87.2714206975,5293.87842113,2389.21686524,5293.87842113,2433.36247551,216.368645133,3.58556831731,109.10683508,0.01,0.360363174809,1.130254508,0.328604438571,477.811932538,26.1742763402,0.000615435160579,5.75015119691
L80011_SAP0_BEAM5_DM108.96_Z0_ACCEL_Cand_2.pfd.dat,NEGATIVE,?,?,1683.54967202,1755.62654808,3.0,-356.740020059,36.4285714286,0.499999999999,136.618991066,5.65958518933,1970.4131516,3.56025415316,2162.9376797,32.8232286967,0.1,108.865208172,0.24,0.0561951486949,0.190996759566,0.125177319958,86.8015146182,0.515504179011,0.127637739481,6.7756095441
L80011_SAP0_BEAM5_DM108.96_Z0_ACCEL_Cand_5.pfd.dat,NEGATIVE,?,?,1976.97806442,2627.63581435,2.0,-206.029430581,28.3333333333,0.308641979897,109.884852884,8.36411965654,1535.60886949,3.58782320619,1869.55098277,37.7173340033,2.65898414398e-14,108.936658188,0.06,6.71780581481e-15,1.92898214287,0.0561071069021,428.576075958,0.735360597485,0.0178144918834,6.43071114605
L80011_SAP0_BEAM5_DM108.99_Z0_ACCEL_Cand_1.pfd.dat,NEGATIVE,?,?,1642.22698583,1935.27776865,4.0,-111.932006438,0.0,1.0,143.346044493,83.2515459352,3632.52715038,4.67798108147,3508.2402233,32.8235422197,1.82423520734e-14,109.017084454,0.12,6.73643494704e-15,2.04571349862,0.00498672673487,245.990441595,0.638433469173,-0.0183068236258,6.35154496805
L80011_SAP0_BEAM5_DM11.19_Z0_ACCEL_Cand_2.pfd.dat,NEGATIVE,?,?,1841.67889618,2742.57213558,3.0,196.770532481,42.5,1.0,21.8163538809,83426.8953986,4320.06830973,5.86420674454,3761.6217748,40.6713877594,1.66533453694e-14,11.1816100405,0.02,2.37904933848e-15,0.846562868786,0.051996704634,408.954587586,0.0441941738242,0.0303007284595,8.3039611124
L80011_SAP0_BEAM5_DM11.91_Z0_ACCEL_Cand_1.pfd.dat,NEGATIVE,?,?,2601.23540181,2680.81391107,2.0,-516.137655695,0.0,1.0,126.782236083,12.418672123,2122.73665693,12.418672123,2261.40824594,32.4305091232,1.60982338571e-15,11.9033100899,0.36,1.20736753928e-15,0.361426985892,0.00402346114084,16.332778461,0.3281365612,0.305390717963,7.81542856133
L80011_SAP0_BEAM5_DM110.82_Z0_ACCEL_Cand_2.pfd.dat,NEGATIVE,?,?,878.615525096,968.713232503,10.0,1278.1089158,2.42411678976,0.997629944154,98.0903644602,214.792772404,2617.12242455,0.588780413018,2823.95145693,376.210527175,9.49240686055e-14,111.479714061,0.01,9.54022785267e-15,1.85018258656,0.038609137669,433.594037328,30.4832053179,0.000792868609642,5.59339560212
L80011_SAP0_BEAM5_DM115.20_Z0_ACCEL_Cand_3.pfd.dat,NEGATIVE,?,?,1800.93164028,1817.15429867,4.0,202.354753684,36.4285714286,0.714285714285,102.817156181,57663.0593745,2534.71133748,0.619668955839,2892.60544913,35.7254833478,0.1,114.919947974,0.02,0.0142857142857,0.933074602034,0.104723274636,536.576191013,0.811297186609,-0.00348709611841,5.78778014156
L80011_SAP0_BEAM5_DM117.36_Z0_ACCEL_Cand_2.pfd.dat,NEGATIVE,?,?,1046.78682013,902.994408985,8.0,-232.734457337,15.0443537462,0.919401616234,138.905658146,4.10338614981,1476.41412997,4.10338614981,1952.30712022,72.8849869198,0.1,117.212153643,0.02,0.0142857142857,1.42708593409,0.0359698318277,355.313246151,14.0711039987,-0.000345111438965,5.80807685307
L80011_SAP0_BEAM5_DM117.48_Z0_ACCEL_Cand_3.pfd.dat,NEGATIVE,?,?,1315.19521434,1661.5299665,5.0,694.097968786,9.83389848371,0.975666914544,126.273912003,54.9004349033,2105.37142121,2.34807691622,2165.02681067,72.8831190761,0.1,117.246962903,0.04,0.0204124145232,1.10245742478,0.0857037787025,237.574174573,7.31822304995,0.0195805762959,6.23863439456
L80011_SAP0_BEAM5_DM118.53_Z0_ACCEL_Cand_2.pfd.dat,NEGATIVE,?,?,1491.61179642,1647.1844731,5.0,904.4125061,4.67474897853,0.985095838779,115.143195661,181.608116882,1556.32995989,181.608116882,1742.08186985,109.611461664,3.38199202107,118.778731621,0.01,0.339902987208,12.4914438295,0.318050110173,615.120247874,29.9714245628,0.00966623843571,6.28294335709
L80011_SAP0_BEAM5_DM121.66_Z0_ACCEL_Cand_1.pfd.dat,NEGATIVE,?,?,1067.59790881,1008.60368822,8.0,427.330607249,16.3925970362,0.920865183123,130.153825631,41.954764191,1765.38692526,27.6973745022,2427.35388364,231.26427085,0.1,121.842880651,0.08,0.029488391231,0.778410232411,0.349002318954,26.5577461984,0.579666968134,-0.00268406391872,5.76185534576
L80011_SAP0_BEAM5_DM122.96_Z0_ACCEL_Cand_1.pfd.dat,NEGATIVE,?,?,930.764239921,437.214884216,11.0,-3842.37279057,78.8777271999,0.553329707276,181.642912928,11.9838798593,1794.42587968,5.33012038025,2440.0464216,126.394460852,0.1,123.155552643,0.02,0.0142857142857,0.999021203364,0.0916392175524,226.052214906,0.833854004008,-0.000954946410344,5.49466420811
L80011_SAP0_BEAM5_DM126.26_Z0_ACCEL_Cand_2.pfd.dat,NEGATIVE,?,?,1146.33662997,1598.59404677,8.0,3727.63557375,15.4964101432,0.99963014531,93.5667486301,42.4772541433,2376.80261861,0.938186547939,2344.48343282,89.3847226977,3.4438859714,126.493563611,0.02,0.491983710199,0.345120194053,0.0617104382798,327.577444116,0.928077650307,0.0034014108889,6.3207116287
L80011_SAP0_BEAM5_DM127.66_Z0_ACCEL_Cand_3.pfd.dat,NEGATIVE,?,?,1061.4350529,1095.29763137,6.0,-687.964502631,36.4285714286,0.733333333333,205.510678379,14.9102007152,2808.55735143,14.9102007152,3077.37082678,47.4007548655,2.16493489802e-15,127.180865208,0.1,7.21644966006e-16,3.5926920913,0.0563120502744,565.662517492,0.644770631052,-0.012506304837,5.01982586535
L80011_SAP0_BEAM5_DM13.89_Z0_ACCEL_Cand_1.pfd.dat,NEGATIVE,?,?,1818.12144525,2385.49116212,3.0,-309.430161044,0.0,1.0,157.613041229,757.179757474,3500.18015273,2.77399132632,2922.55207319,48.5977537498,2.06223926824e-14,13.8198248451,0.08,6.08121183538e-15,0.339732920108,0.197522524436,192.262838399,0.662382986423,0.0104390836695,6.30393414576
L80011_SAP0_BEAM5_DM131.81_Z0_ACCEL_Cand_2.pfd.dat,NEGATIVE,?,?,1310.8751355,1118.24867401,7.0,59.4172746367,15.6040501784,0.959453686428,129.281642609,46.4004895232,2356.83901881,83.2406568557,2624.03187219,104.040521443,0.1,132.038928233,0.06,0.025264557632,0.996485563286,0.11601134471,119.640611584,0.716189798434,-0.00256425704868,5.66144186663
L80011_SAP0_BEAM5_DM133.41_Z0_ACCEL_Cand_2.pfd.dat,NEGATIVE,?,?,690.481316319,725.103654435,11.0,310.824656351,8.09240608097,0.982801767803,125.967318333,12.6471584236,1885.78782101,0.656260219512,2092.48241869,420.263369095,0.1,133.16435036,0.03,0.0175863114528,0.777278529912,0.348346204681,115.226183973,0.424918292799,0.00309725901604,5.71320430145
L80011_SAP0_BEAM5_DM133.46_Z0_ACCEL_Cand_2.pfd.dat,NEGATIVE,?,?,2063.93329451,2156.22470359,4.0,642.856654906,0.0,1.0,62.9952176338,30.36531351,1950.31545708,0.468445480879,1962.92819561,43.3076755406,2.28705943073e-14,133.370662597,0.1,7.62353143576e-15,0.371666833904,0.108099930426,192.534748633,0.633936116655,0.0145941830029,5.89970640045
L80011_SAP0_BEAM5_DM133.66_Z0_ACCEL_Cand_3.pfd.dat,NEGATIVE,?,?,1818.21647997,2504.60401669,4.0,843.370301974,0.0,1.0,130.476325184,22.3334793989,3981.66999207,0.647337632069,3298.09470522,41.2298497631,2.05391259556e-14,133.991696944,0.08,6.0566578172e-15,0.229488980426,0.00933582700142,412.263578527,0.553247312949,-0.013131883716,5.60241645336
L80011_SAP0_BEAM5_DM134.86_Z0_ACCEL_Cand_2.pfd.dat,NEGATIVE,?,?,813.214378726,732.921736499,10.0,-735.469881086,36.0645321074,0.799119640565,138.8990442,4003.29380002,2629.891548,4003.29380002,3181.64763239,241.229716382,8.22120149735e-14,135.216632093,0.07,2.25550003616e-14,0.218783633878,0.163286078994,51.7835685102,0.666798896392,-2.86575369858e-05,5.56161284184
L80011_SAP0_BEAM5_DM14.85_Z0_ACCEL_Cand_1.pfd.dat,NEGATIVE,?,?,2750.18359384,3740.7585818,2.0,627.724042713,51.0,0.599999999999,113.090703589,37.5920172057,2832.27103943,37.5920172057,3275.06093522,34.8472505471,0.1,14.9506385291,0.14,0.0403473292393,0.0479494486258,0.112219134212,146.398357263,0.609297948778,0.0803505606328,7.68479005056
L80011_SAP0_BEAM5_DM15.06_Z0_ACCEL_Cand_1.pfd.dat,NEGATIVE,?,?,4539.17246633,6783.05935892,1.0,183.418757173,63.75,0.624999999999,8.5060215566,13.801440269,3804.70380385,13.1822659216,770.569054398,7.17676315312,0.1,15.0451953382,0.48,0.0960768922831,0.539983044147,0.00882868673432,14.0109633702,0.349530855571,0.0972445254413,11.0083928085
L80011_SAP0_BEAM5_DM151.16_Z0_ACCEL_Cand_1.pfd.dat,NEGATIVE,?,?,727.2184931,778.18825964,11.0,558.365074613,12.8116869826,0.963142232145,23949560.5692,144.801905035,2677.34011464,133.647706296,3109.9750709,123.047935323,0.1,151.003468826,0.02,0.0142857142857,0.40385410682,0.0079161647946,222.991896224,16.0372550141,0.00141864025754,6.09417708642
L80011_SAP0_BEAM5_DM151.96_Z0_ACCEL_Cand_2.pfd.dat,NEGATIVE,?,?,1008.44129945,814.302195215,9.0,-604.12585456,27.786129247,0.884148752099,29964927.876,5.83647488875,2325.46138438,5.74542165494,2871.08527055,228.857539632,0.1,151.188879955,0.02,0.0142857142857,2.38321714827,0.119822977887,446.296846713,14.9599515778,-0.00241056756019,5.71691515813
L80011_SAP0_BEAM5_DM155.21_Z0_ACCEL_Cand_2.pfd.dat,NEGATIVE,?,?,1021.90601024,985.019784161,9.0,709.363993818,5.30416888939,0.99125723257,128.58712515,4030.30156269,2467.57794607,9.42005297086,2408.19995222,138.325763993,0.1,155.385969442,0.02,0.0142857142857,0.786930496997,0.126906652217,263.778380241,15.8510900714,0.00582771029328,6.27302792204
L80011_SAP0_BEAM5_DM158.56_Z0_ACCEL_Cand_2.pfd.dat,NEGATIVE,?,?,878.764423796,648.369494551,10.0,-1214.15414371,35.3723048608,0.706331208733,173.080726425,42.263716608,1930.81372004,2.14865383228,2356.89266174,168.845588205,4.41036096532e-14,158.676100225,0.07,1.2099897223e-14,1.00259251245,0.618908985213,25.9749355135,0.905452684463,-0.016585900204,5.8326926282
L80011_SAP0_BEAM5_DM161.71_Z0_ACCEL_Cand_9.pfd.dat,NEGATIVE,?,?,1613.26807311,1086.16026595,5.0,-2177.43557278,50.8416334939,0.565499328397,155.77112952,100.435576096,1513.59352954,4476.39016321,2176.46707154,56.9668616244,0.1,161.790302439,0.02,0.0142857142857,1.00122602982,0.0980015790389,212.443909367,0.568543918708,-0.00271079541479,5.43303653822
L80011_SAP0_BEAM5_DM162.81_Z0_ACCEL_Cand_4.pfd.dat,NEGATIVE,?,?,2031.99871268,1805.3998257,4.0,-554.576036819,36.4285714286,0.411764705881,161.913245737,15.7904271054,2723.53607491,4.32482318149,2566.34026532,46.6002458455,2.1593837829e-14,163.088781845,0.1,7.19794594299e-15,2.15873869914,0.0238236793241,203.621675433,0.635263386567,0.0218647342485,6.41693212254
L80011_SAP0_BEAM5_DM166.36_Z0_ACCEL_Cand_1.pfd.dat,NEGATIVE,?,?,1108.15138748,1058.70879586,7.0,152.077481316,11.4468595199,0.979746942236,121.739691678,6.27370928224,2283.42443618,0.574270994288,2532.6272801,188.217403304,9.50906020591e-14,166.062327745,0.01,9.55696509452e-15,0.496302884095,0.171113752771,494.503727319,26.7394085152,0.00170717770249,5.5952165071
L80011_SAP0_BEAM5_DM168.46_Z0_ACCEL_Cand_2.pfd.dat,NEGATIVE,?,?,2698.25596948,2868.61626857,2.0,-40.8270089923,26.1204766625,0.808867351369,104.999882004,5.20751322079,1755.86346307,3.08342673617,2033.25905616,45.1483719993,4.7951226323e-14,168.748718633,0.14,1.93470391588e-14,0.673036263496,0.066713792688,240.227149707,0.640522061362,0.00384121442209,6.14822705864
L80011_SAP0_BEAM5_DM17.76_Z0_ACCEL_Cand_2.pfd.dat,NEGATIVE,?,?,2656.93290232,3538.17845428,2.0,-9.19816925343,0.0,1.0,104.831101783,6.3794514166,1583.38410278,2.43026714482,1548.86610634,38.3190256794,0.1,17.7679046418,0.18,0.0468521285666,0.550712410536,0.0162724958813,86.3832657184,0.713909914439,0.138201185518,8.07415261724
L80011_SAP0_BEAM5_DM170.11_Z0_ACCEL_Cand_2.pfd.dat,NEGATIVE,?,?,1030.07117707,786.331925865,7.0,-1446.05310468,23.8407277518,0.881489224875,11295.4883763,11.7176515726,2013.05568584,11.7176515726,2469.47240373,206.220101132,6.48370246381e-14,170.811895121,0.04,1.32348022336e-14,3.34353766853,0.662337647066,336.49431777,0.840343238095,0.0312752057954,6.43116410948
L80011_SAP0_BEAM5_DM170.21_Z0_ACCEL_Cand_1.pfd.dat,NEGATIVE,?,?,959.768937723,814.823625146,10.0,-742.695464574,46.8627390988,0.630255755927,169.315369136,207.052854472,2946.53062953,207.052854472,3586.80782324,206.20138328,0.1,170.472314477,0.01,0.0100503781526,9.92338590385,0.0472061262913,464.16280884,28.5870910411,0.00414681620964,5.9209678804
L80011_SAP0_BEAM5_DM177.21_Z0_ACCEL_Cand_2.pfd.dat,NEGATIVE,?,?,976.132348035,876.597332131,8.0,-363.450346224,15.7383771682,0.962980254293,131.437329857,24.3769055536,1851.85819505,24.3769055536,2160.50348386,220.537234451,9.15933995316e-15,177.41472361,0.02,1.30847713617e-15,1.01438445293,0.941415688976,225.108693029,16.1328906675,0.010630868881,6.63792789504
L80011_SAP0_BEAM5_DM177.26_Z0_ACCEL_Cand_1.pfd.dat,NEGATIVE,?,?,1188.23848018,1484.50661646,7.0,2595.51892153,15.0882209437,0.975333533805,104.414319314,0.60497772778,1572.95036384,0.578494786659,1724.03878482,220.555327805,3.63382012593,177.745294807,0.03,0.639054924981,0.921838175599,0.0595559899214,170.321147296,9.98237133427,0.00690155527658,6.48576970022
L80011_SAP0_BEAM5_DM177.51_Z0_ACCEL_Cand_2.pfd.dat,NEGATIVE,?,?,999.683695735,482.631865449,9.0,-2748.91485739,60.8422547077,0.606189224747,163.288834592,63.881903517,1876.79445438,12.4124766782,2381.36396362,61.2381093587,5.65103519534e-14,177.335249716,0.06,1.42770904373e-14,3.44699823199,0.0537103324023,216.680822726,0.858158861718,0.00984957348275,6.42183110519
L80011_SAP0_BEAM5_DM179.41_Z0_ACCEL_Cand_1.pfd.dat,NEGATIVE,?,?,928.428062861,1134.24654355,9.0,1901.48231588,5.82927262133,0.977541561091,102.209982287,2.37618668802,1931.28010317,2.53747935311,1899.41694479,67.78969053,1.34059430223e-14,179.28647189,0.03,2.3576108931e-15,8.71168826266,0.0355890593525,177.713403158,8.39373272769,0.00794775392762,5.46787350329
L80011_SAP0_BEAM5_DM179.81_Z0_ACCEL_Cand_1.pfd.dat,NEGATIVE,?,?,837.994097764,668.922696029,10.0,-716.590088554,22.9845642606,0.935075775508,139.691869737,2.07438267872,2099.77262766,2.07438267872,2391.90598562,202.874648658,1.036948305e-13,180.158750473,0.02,1.48135472143e-14,4.88044849386,0.570586026675,309.020299456,14.2596529275,-0.00110915753432,5.62432281443
L80011_SAP0_BEAM5_DM18.24_Z0_ACCEL_Cand_1.pfd.dat,NEGATIVE,?,?,1699.47258096,2034.19116649,3.0,20.8182144967,11410068.5043,0.799618115297,11410190.71,8.30482460447,1733.3293481,1.61081458313,1639.35936127,16.8004713178,0.1,18.2226713835,0.08,0.029488391231,0.399730129044,0.0392603502384,237.881084725,0.557637907658,0.0645262024753,7.66053249762
L80011_SAP0_BEAM5_DM180.11_Z0_ACCEL_Cand_4.pfd.dat,NEGATIVE,?,?,1005.48073751,1075.41932425,8.0,1224.74741492,2.19237041161,0.994602646626,118.653144325,3862.55881792,1670.16444912,4.34028184041,1874.89351363,202.857117632,3.27270942895,180.026304946,0.03,0.575548873122,7.54846842548,0.225643243259,136.640440034,0.581843335157,-0.00438694999562,5.75046572093
L80011_SAP0_BEAM5_DM183.36_Z0_ACCEL_Cand_1.pfd.dat,NEGATIVE,?,?,1037.47397504,755.991772881,7.0,-2433.90499931,39.2853094838,0.747301669826,159.359769788,19.5900508472,1639.09454545,2.8625059874,2126.67143685,145.524870444,0.1,183.199897066,0.05,0.0229415733871,3.69920866166,1.0713057644,55.9104633918,1.15274807525,0.0251059005693,6.28234288967
L80011_SAP0_BEAM5_DM184.31_Z0_ACCEL_Cand_1.pfd.dat,NEGATIVE,?,?,911.590321192,1161.6408529,9.0,2091.00623663,8.54066093788,0.980247370686,102.310861295,4.06198958241,2986.06562323,17.3467866773,3302.34249862,68.0718773119,4.92939022934e-14,184.415316523,0.02,7.04198604191e-15,10.710756534,0.0149718986194,271.465970153,14.181285942,0.000222616401467,5.623718991
L80011_SAP0_BEAM5_DM196.21_Z0_ACCEL_Cand_2.pfd.dat,NEGATIVE,?,?,868.694544192,867.328411873,9.0,422.454494947,22.7700465485,0.898097893507,1315579.80522,69.5458257954,2155.39918681,69.5458257954,2560.53369125,351.698101441,0.1,195.714195594,0.05,0.0229415733871,2.46488826266,0.755569051079,87.6569966807,0.435889894354,-0.00250444139707,5.89629341703
L80011_SAP0_BEAM5_DM196.66_Z0_ACCEL_Cand_2.pfd.dat,NEGATIVE,?,?,1329.34315997,1860.88916035,6.0,2976.1418356,13.3972540922,0.934776302122,97.4727531457,154.693721648,1924.96707807,1.57672464133,1748.3207002,98.3494523112,3.71735234845,196.859497933,0.03,0.653745161797,2.89995618447,0.016135427048,180.238789939,0.722101185103,0.0112167430944,6.39420727305
L80011_SAP0_BEAM5_DM19.77_Z0_ACCEL_Cand_1.pfd.dat,NEGATIVE,?,?,1050.30344416,999.363360903,8.0,384.181052176,5.52277749966,0.997148407001,125.948079989,403.470395716,1909.6921653,0.602299137303,1998.69219889,113.680079693,1.15463194561e-14,19.7660916157,0.02,1.64947420801e-15,0,0,0,15.0081211215,-0.00536139250913,4.88241462849